event_id,device_id,event_type,timestamp,severity,message,resolved,resolved_by
E00000001,IOT00093,Battery Low,2025-07-20 01:39:16.768034,Warning,Money concern professor site pay audience.,False,Jessica Bradshaw
E00000002,IOT00047,Error,2025-08-04 00:29:53.711244,Error,Serve fast trial person boy himself movement.,True,
E00000003,IOT00012,Battery Low,2025-07-26 15:14:31.090472,Info,Same against position week month performance.,True,
E00000004,IOT00031,Maintenance,2025-07-31 02:50:59.308966,Info,Modern attention send it magazine station available Mr.,False,Sheila Watson
E00000005,IOT00013,Shutdown,2025-07-14 11:35:51.363162,Warning,Small project decision performance.,True,
E00000006,IOT00034,Connection Lost,2025-07-27 04:51:39.828485,Error,Yourself fall behavior view ground traditional among listen their.,True,
E00000007,IOT00010,Connection Lost,2025-08-07 12:28:04.761513,Warning,Yeah boy politics take agree market through.,True,
E00000008,IOT00039,Boot,2025-08-03 08:10:59.147300,Info,Far full example still company nature.,,
E00000009,IOT00065,Battery Low,2025-07-09 16:51:29.347765,Info,Suddenly everything collection agree difficult reason.,True,
E00000010,IOT00047,Maintenance,2025-08-06 09:48:06.195651,Info,Benefit I next room situation treatment glass hear might exist.,True,
E00000011,IOT00057,Maintenance,2025-07-14 02:51:49.994401,Error,Base political fund leg paper pressure only but music two.,True,Ana Wilson
E00000012,IOT00010,Shutdown,2025-07-14 19:38:12.379831,Error,Attack talk debate story miss keep high as.,True,
E00000013,IOT00010,Shutdown,2025-07-24 13:30:01.895221,Info,More have piece break his.,True,Robert Colon
E00000014,IOT00025,Error,2025-07-15 13:16:34.472839,Warning,Effort continue experience recent soon.,,Paul Greene
E00000015,IOT00097,Boot,2025-07-27 08:43:04.258666,Error,Animal suddenly soldier discussion note.,True,
E00000016,IOT00027,Error,2025-07-20 11:33:41.703371,Info,Its large anything skill later kitchen.,True,
E00000017,IOT00008,Maintenance,2025-07-23 09:08:46.356006,Warning,When play experience style none law.,False,
E00000018,IOT00044,Battery Low,2025-08-05 18:45:28.767452,Info,Instead appear perhaps rest cost myself certainly property.,False,
E00000019,IOT00035,Boot,2025-07-27 02:53:59.872843,Info,Financial try name artist or rest class Republican officer claim.,True,
E00000020,IOT00009,Boot,2025-07-27 03:36:48.961120,Info,Purpose land nearly fish free meeting.,True,
E00000021,IOT00090,Connection Lost,2025-07-26 02:35:09.431754,Info,On trip argue herself.,True,
E00000022,IOT00044,Boot,2025-07-09 08:53:05.993654,Error,Charge let book impact charge know offer often artist.,True,
E00000023,IOT00046,Battery Low,2025-07-15 12:02:37.124241,Warning,Front son low mission require fine never think win.,True,
E00000024,IOT00022,Battery Low,2025-07-19 11:44:54.693690,Info,Add consider full relate matter American dinner.,True,
E00000025,IOT00090,Maintenance,2025-07-27 07:59:26.862705,Warning,Suffer cold check meet while run decide citizen receive wrong allow.,True,
E00000026,IOT00008,Battery Low,2025-07-11 23:15:22.871381,Info,Brother nice decade big clearly eye strong.,True,
E00000027,IOT00011,Maintenance,2025-07-21 16:28:20.381075,Error,Partner before term consider dream.,True,
E00000028,IOT00081,Connection Lost,2025-07-14 04:54:26.795289,Warning,Quickly friend dog challenge remain local dinner.,True,Russell Hale
E00000029,IOT00047,Shutdown,2025-07-11 22:18:47.550067,Warning,Truth center act Mrs anything surface air either study theory statement.,False,
E00000030,IOT00090,Connection Lost,2025-08-02 16:16:22.498213,Info,Fly tax despite her agreement value body term mean easy.,,David Cruz
E00000031,IOT00002,Connection Lost,2025-07-13 08:44:22.917568,Info,See truth indicate director modern population according interview.,True,
E00000032,IOT00004,Boot,2025-07-15 09:52:02.561259,Info,Player small front produce glass light year decade win.,True,
E00000033,IOT00076,Error,2025-07-17 12:08:59.222709,Info,At rather difficult different Republican the executive take hear maybe production.,True,
E00000034,IOT00011,Battery Low,2025-07-17 13:20:55.076134,Warning,Hair as beyond tax official.,,
E00000035,IOT00074,Boot,2025-07-13 03:58:09.121895,Info,Sense leave beat laugh visit.,True,Lisa Perez
E00000036,IOT00065,Shutdown,2025-08-01 23:51:35.442380,Warning,Common matter lay bar.,,
E00000037,IOT00066,Error,2025-07-29 21:06:01.552186,Warning,Large not wide safe truth.,,
E00000038,IOT00099,Shutdown,2025-08-03 13:15:39.388341,Info,West article themselves current address reason major mother.,True,
E00000039,IOT00042,Error,2025-07-12 10:04:44.777276,Warning,Risk up visit exactly to sound job.,True,Mr. Thomas Escobar
E00000040,IOT00099,Connection Lost,2025-08-03 10:49:03.163140,Warning,Still natural material anyone situation evening man election.,True,
E00000041,IOT00061,Battery Low,2025-07-24 07:09:32.116292,Error,Stop green coach total three stop.,,
E00000042,IOT00028,Battery Low,2025-07-18 02:59:58.329393,Warning,Miss standard government phone nearly assume result.,,
E00000043,IOT00037,Error,2025-07-27 22:19:10.704544,Warning,Fine push officer knowledge picture there society.,False,Marvin Black
E00000044,IOT00083,Maintenance,2025-07-18 15:32:24.381848,Info,Republican itself police tell old.,True,Amber Jones
E00000045,IOT00056,Shutdown,2025-07-23 10:04:39.187193,Error,Civil goal fact management who material finish.,True,
E00000046,IOT00091,Error,2025-08-04 07:42:39.787759,Info,Short recognize democratic worry play up church describe base it.,,
E00000047,IOT00062,Maintenance,2025-07-17 09:55:09.720465,Warning,Small stock artist available one quality window mind specific similar.,True,
E00000048,IOT00056,Boot,2025-07-10 11:29:42.289477,Info,Continue recently onto effort trip stock everyone big environmental.,True,
E00000049,IOT00060,Boot,2025-07-28 19:02:20.101378,Warning,Beyond affect health consumer guess whether speech forget pull.,False,
E00000050,IOT00034,Boot,2025-07-20 11:16:17.857780,Info,Mean act explain born travel above thousand simple safe.,False,
E00000051,IOT00052,Battery Low,2025-07-22 20:27:18.097567,Warning,Great statement artist responsibility someone.,,
E00000052,IOT00063,Error,2025-07-26 03:17:45.740386,Info,Myself thing room view along pull throw write save loss.,True,Harold Romero
E00000053,IOT00098,Battery Low,2025-07-10 10:09:19.614192,Warning,Would family catch son approach full report family peace thing.,True,
E00000054,IOT00085,Boot,2025-07-27 18:50:37.932121,Warning,Traditional discussion list practice already no food.,,
E00000055,IOT00079,Error,2025-07-29 14:47:30.981560,Error,Fast plant your individual within I cup west art last.,,
E00000056,IOT00099,Maintenance,2025-07-17 01:58:38.127563,Error,However turn single professor new available common.,True,
E00000057,IOT00097,Maintenance,2025-07-26 05:17:30.723974,Info,If worker throughout movement war less seat give yeah improve.,False,
E00000058,IOT00008,Connection Lost,2025-07-24 08:13:27.755466,Info,Network past company since evening four bed.,,
E00000059,IOT00093,Maintenance,2025-07-23 08:46:49.437588,Warning,Some both including campaign address I what.,True,Dylan Chapman
E00000060,IOT00016,Shutdown,2025-07-28 07:59:57.949154,Error,Step month road not available.,True,
E00000061,IOT00089,Boot,2025-07-19 04:07:37.039947,Info,Me ground run security those.,True,
E00000062,IOT00051,Maintenance,2025-07-25 23:08:33.576251,Error,Father along whether others suffer give commercial.,True,
E00000063,IOT00016,Battery Low,2025-07-20 15:37:21.020638,Info,Relate prove water guess seven may particular mean.,True,Carmen Williams
E00000064,IOT00061,Battery Low,2025-07-30 21:04:04.475523,Info,Different camera within ball could something stock.,False,
E00000065,IOT00013,Maintenance,2025-07-11 07:00:23.716238,Info,Loss admit world perform pull wall.,,
E00000066,IOT00038,Boot,2025-08-06 14:56:54.905548,Warning,Listen company rule few across fall yet score.,True,
E00000067,IOT00008,Battery Low,2025-08-05 13:08:04.233819,Warning,In after quality realize try per significant.,True,Lisa Stephens
E00000068,IOT00054,Error,2025-07-15 11:25:34.177023,Info,Listen point college worry money own pattern environment main.,False,
E00000069,IOT00092,Error,2025-08-05 12:23:41.654086,Warning,Attention occur wait fall guess generation director rather ground finally.,True,
E00000070,IOT00016,Battery Low,2025-07-27 09:21:02.744821,Info,Budget baby near so smile behind.,False,
E00000071,IOT00054,Battery Low,2025-07-30 19:09:02.724876,Info,Still safe star investment measure game.,True,
E00000072,IOT00052,Maintenance,2025-07-30 16:26:25.985715,Info,Real shake camera Republican should fast painting international notice.,,
E00000073,IOT00002,Connection Lost,2025-07-31 22:04:51.747228,Warning,Deep agree story single what street us.,,
E00000074,IOT00071,Battery Low,2025-07-11 05:04:13.623610,Info,Enter close traditional Mr air believe.,,
E00000075,IOT00053,Shutdown,2025-07-23 14:48:09.890460,Info,Brother woman I body where bank until.,True,Michael Bender
E00000076,IOT00024,Shutdown,2025-07-28 07:21:19.245640,Error,Issue manage fund against class.,True,
E00000077,IOT00086,Connection Lost,2025-08-04 01:44:06.962668,Info,Outside mother lose future move everyone ten only trip should against.,,Sean Gray
E00000078,IOT00057,Boot,2025-08-06 00:36:07.838728,Info,Easy six summer top sit.,True,
E00000079,IOT00001,Boot,2025-07-13 11:20:35.014538,Info,Politics including city into unit city listen.,True,
E00000080,IOT00047,Shutdown,2025-08-02 17:58:52.804127,Info,Short song general each increase it start.,True,
E00000081,IOT00098,Maintenance,2025-07-23 05:39:56.693489,Warning,Argue spring store room cut out produce beyond player.,True,Stephanie Daniel
E00000082,IOT00005,Connection Lost,2025-07-11 09:38:19.227077,Warning,Current assume bag list move gun little western new dream.,,
E00000083,IOT00075,Boot,2025-08-06 14:26:16.277066,Error,There girl world I yourself require everybody successful life.,False,
E00000084,IOT00027,Boot,2025-07-24 16:39:01.854511,Info,Understand positive very admit measure past production court future.,True,Joseph Hampton
E00000085,IOT00090,Error,2025-07-24 21:34:33.681063,Info,Develop parent not edge exist.,,
E00000086,IOT00039,Battery Low,2025-07-31 11:57:26.156761,Error,So can four painting food knowledge.,False,
E00000087,IOT00010,Connection Lost,2025-07-12 14:48:03.627923,Warning,Any wife itself see.,,
E00000088,IOT00100,Battery Low,2025-07-17 00:22:07.434342,Warning,These culture anyone sense development.,False,
E00000089,IOT00087,Shutdown,2025-07-11 21:56:58.733179,Critical,Turn else nice option strategy hospital.,,
E00000090,IOT00015,Battery Low,2025-07-28 20:40:26.124262,Warning,Free specific difference tonight direction PM really more.,True,Samantha Riley
E00000091,IOT00009,Maintenance,2025-07-31 03:40:48.240886,Warning,Investment color similar speak position.,False,
E00000092,IOT00070,Error,2025-08-01 15:20:33.692885,Warning,Sport little team someone you.,False,
E00000093,IOT00043,Boot,2025-07-27 07:05:38.569373,Info,Watch Democrat federal nation total again.,True,
E00000094,IOT00100,Shutdown,2025-07-29 20:32:35.562618,Info,Democrat wide candidate back success focus travel final.,True,
E00000095,IOT00041,Boot,2025-07-16 20:25:39.856310,Warning,Purpose single in indicate cell television responsibility.,,
E00000096,IOT00068,Maintenance,2025-08-06 03:18:12.153843,Info,Prevent election cultural during agree best.,True,
E00000097,IOT00064,Shutdown,2025-07-14 15:21:58.291076,Info,Others everything range music where look quickly series receive.,False,
E00000098,IOT00078,Connection Lost,2025-08-06 20:50:48.484129,Info,Catch land threat the everyone wife least happen national.,,
E00000099,IOT00023,Connection Lost,2025-07-27 18:05:33.792526,Info,Song word nor threat take movement.,True,
E00000100,IOT00004,Battery Low,2025-07-28 08:12:09.566537,Warning,Method message respond chance design.,,
E00000101,IOT00029,Maintenance,2025-07-16 05:04:11.571549,Info,Personal whom program grow long yeah already.,True,
E00000102,IOT00053,Error,2025-07-21 09:59:43.223125,Warning,Her though decade activity minute player.,False,Jeremy Garcia
E00000103,IOT00011,Error,2025-07-24 17:21:03.506693,Warning,Fire present none compare same subject half however Congress campaign.,True,Keith Wallace
E00000104,IOT00055,Shutdown,2025-07-20 20:44:34.185344,Error,Require west else voice administration.,True,
E00000105,IOT00062,Connection Lost,2025-07-11 23:31:05.265921,Info,Myself organization against project minute.,True,Rachel Fox
E00000106,IOT00099,Battery Low,2025-07-25 16:28:11.383254,Info,Although itself amount painting simply.,True,
E00000107,IOT00073,Error,2025-07-27 16:25:29.795103,Warning,Form food story front business left story.,,Anthony Collins
E00000108,IOT00063,Error,2025-07-23 08:07:48.602249,Critical,Picture rock morning carry page.,False,
E00000109,IOT00064,Boot,2025-07-10 23:32:21.091995,Critical,Thousand away success plan run.,,Michael Martinez
E00000110,IOT00029,Connection Lost,2025-07-31 10:55:12.576357,Info,Feel force three quite network dog born seven maintain they.,True,David Gomez
E00000111,IOT00001,Error,2025-07-29 01:24:45.652375,Info,Accept teacher street catch seek style finish.,,
E00000112,IOT00040,Shutdown,2025-08-07 04:53:10.800837,Info,Stay require stand store recognize two skill with including skill.,True,
E00000113,IOT00084,Shutdown,2025-07-12 02:11:09.162492,Warning,Record pick later collection state.,True,
E00000114,IOT00091,Battery Low,2025-07-28 19:13:17.020960,Warning,Position consider dinner drive which.,True,
E00000115,IOT00083,Shutdown,2025-07-15 21:29:22.590172,Warning,Gun situation political town various popular home source window.,True,Justin Smith
E00000116,IOT00008,Shutdown,2025-08-02 02:47:55.011173,Warning,It sport specific value catch fish side tonight should.,False,
E00000117,IOT00002,Error,2025-07-23 16:02:36.158305,Warning,Answer coach seven ready wife town city sport wall remember.,,
E00000118,IOT00027,Shutdown,2025-07-20 20:04:10.161925,Info,Property performance how specific ok.,True,
E00000119,IOT00066,Battery Low,2025-08-01 15:43:22.997467,Error,However technology dog thank art arm computer time much.,True,
E00000120,IOT00049,Shutdown,2025-07-12 05:06:52.061026,Warning,Fight water role finish another.,,Travis Orr
E00000121,IOT00060,Boot,2025-07-15 01:04:27.635997,Critical,Material somebody expert wear business.,True,
E00000122,IOT00052,Maintenance,2025-08-03 09:24:40.413435,Error,Recent professional option white role next.,,
E00000123,IOT00096,Boot,2025-07-29 17:02:36.430872,Warning,Behavior wind sometimes across theory visit.,,
E00000124,IOT00090,Error,2025-07-21 06:07:10.396772,Error,Source big hard billion administration laugh far market about.,True,
E00000125,IOT00061,Maintenance,2025-07-17 07:51:16.115524,Info,Enjoy purpose special certain page visit begin this early.,,
E00000126,IOT00087,Maintenance,2025-07-11 10:02:05.576282,Info,Both and moment blue yourself less close.,,
E00000127,IOT00050,Error,2025-07-23 12:49:50.717608,Error,Young newspaper majority civil mission health.,True,
E00000128,IOT00070,Maintenance,2025-07-24 03:31:37.953903,Warning,Green get wait move election call drive use.,,
E00000129,IOT00056,Boot,2025-08-02 23:53:14.356393,Error,Rather large fact could fast open early fund.,True,
E00000130,IOT00053,Battery Low,2025-08-05 01:58:50.902399,Error,Career themselves that too deep certain price attention.,,
E00000131,IOT00039,Connection Lost,2025-07-28 14:55:30.186385,Warning,Quality guess part card picture herself.,,
E00000132,IOT00041,Shutdown,2025-07-29 12:25:00.456446,Info,Certainly because force play reach book tell grow chair network.,True,
E00000133,IOT00024,Battery Low,2025-07-10 01:27:50.072330,Info,Create air identify customer or water morning near article.,True,Noah Smith
E00000134,IOT00085,Connection Lost,2025-07-19 11:14:52.283808,Info,Ok four majority life air accept piece politics into free.,True,Colton Parsons
E00000135,IOT00045,Maintenance,2025-08-05 01:38:50.319409,Warning,Summer traditional bad our again heart many.,True,
E00000136,IOT00028,Maintenance,2025-07-16 10:54:30.948506,Info,Give occur animal authority white lose two store theory situation.,True,
E00000137,IOT00030,Battery Low,2025-07-09 23:16:54.256884,Info,Stock particular within worry if thus hit adult.,,
E00000138,IOT00001,Error,2025-07-22 22:58:30.291445,Info,Expect manage coach imagine these what read dream.,,
E00000139,IOT00039,Maintenance,2025-07-15 06:03:48.258122,Info,How Democrat bank air us buy skill time point perform.,,
E00000140,IOT00033,Boot,2025-08-06 18:36:54.669281,Error,Wind tax police feel notice organization require argue.,False,
E00000141,IOT00009,Shutdown,2025-08-06 21:27:47.295794,Warning,The feeling look government our level my race.,,
E00000142,IOT00025,Battery Low,2025-07-15 22:16:35.691442,Warning,Education thing upon available similar put perhaps senior subject.,,
E00000143,IOT00031,Error,2025-07-11 07:16:03.032521,Warning,Allow final memory himself night which nearly not dark.,False,Shawn Cooper
E00000144,IOT00051,Maintenance,2025-07-19 15:54:05.456539,Info,Range together expect field become spend still move political mouth.,,Brandi Roberts
E00000145,IOT00089,Maintenance,2025-07-17 13:19:02.162898,Error,Firm nation though couple health say.,,
E00000146,IOT00001,Connection Lost,2025-07-30 11:35:55.910689,Error,Win may throughout may since if arrive.,True,Kimberly Hawkins
E00000147,IOT00026,Boot,2025-07-08 22:26:19.911960,Error,Explain pull entire plant to election respond strong owner heavy.,True,
E00000148,IOT00070,Connection Lost,2025-07-09 01:57:18.676236,Info,Message responsibility person record Republican talk upon.,False,
E00000149,IOT00043,Shutdown,2025-07-09 18:20:32.693891,Info,Note miss leg you these seat despite increase sense make.,True,Justin Ayers
E00000150,IOT00066,Boot,2025-07-26 22:19:00.412597,Info,Instead rock main walk we.,,
E00000151,IOT00061,Maintenance,2025-07-30 01:12:17.539301,Error,Need use necessary happen opportunity special space recent indeed blue.,True,
E00000152,IOT00061,Maintenance,2025-07-15 23:11:18.209465,Info,Body serious and but case serve successful project our until.,True,
E00000153,IOT00002,Shutdown,2025-08-05 21:28:24.378507,Warning,Week focus assume interview ahead paper involve current us.,,Javier Tanner
E00000154,IOT00098,Maintenance,2025-07-27 03:34:01.265173,Warning,Report expect certainly conference admit only indicate within.,,
E00000155,IOT00080,Error,2025-07-14 05:40:12.614688,Warning,Learn great rate fine fact box remain.,True,
E00000156,IOT00007,Maintenance,2025-07-23 17:35:54.915445,Error,Deep mouth base although mouth just ten.,True,
E00000157,IOT00075,Boot,2025-07-29 04:56:52.937203,Info,Control kind soldier theory reality peace measure growth item south.,True,
E00000158,IOT00027,Connection Lost,2025-08-03 22:43:20.723532,Info,Reality along real effort grow.,True,
E00000159,IOT00031,Error,2025-07-16 19:08:25.901335,Info,Election tend organization sport bad another central general even cultural.,True,
E00000160,IOT00050,Boot,2025-07-17 16:49:36.829903,Error,He condition memory scientist.,True,
E00000161,IOT00091,Battery Low,2025-08-02 11:25:02.109747,Info,During prepare less reality walk thousand care just first.,True,
E00000162,IOT00047,Battery Low,2025-08-03 17:09:53.875305,Info,Treatment nearly wide camera personal pattern establish available picture.,,
E00000163,IOT00073,Connection Lost,2025-08-07 06:41:29.501363,Error,Plant close all size outside whatever if.,True,
E00000164,IOT00050,Shutdown,2025-07-17 16:46:46.864782,Info,Result if store late special.,True,
E00000165,IOT00020,Maintenance,2025-07-18 15:20:33.307952,Error,Treat soldier pick trial different reflect discuss western seem left day.,True,David Thompson
E00000166,IOT00027,Maintenance,2025-07-11 12:38:59.498192,Info,Both design TV agent memory heart.,True,Alexis Martinez
E00000167,IOT00049,Connection Lost,2025-08-06 01:22:22.760425,Warning,However happen kitchen sing response help.,False,
E00000168,IOT00052,Boot,2025-07-27 07:54:03.195826,Error,Financial minute positive simple manager short radio fight property.,,Karen Wells
E00000169,IOT00057,Maintenance,2025-08-03 11:57:49.431244,Error,Step require front phone character again drop their stock.,,
E00000170,IOT00052,Battery Low,2025-07-11 13:59:37.737441,Warning,Crime nothing candidate central arm blood picture would amount.,False,
E00000171,IOT00052,Connection Lost,2025-07-12 13:42:35.074648,Warning,There standard cost card take woman risk.,,Dawn Fischer
E00000172,IOT00038,Boot,2025-07-27 09:15:45.109139,Warning,Myself where member feeling stage kitchen almost carry.,True,Todd Kelley
E00000173,IOT00053,Connection Lost,2025-07-15 13:40:54.084882,Error,First discuss really later arm report music marriage learn himself decide.,True,
E00000174,IOT00014,Connection Lost,2025-08-06 06:32:36.898111,Info,Weight its impact act bank watch Mrs upon your what.,,
E00000175,IOT00039,Maintenance,2025-07-16 18:33:11.908941,Warning,Response join author experience start identify in color everything.,True,Anna Calhoun
E00000176,IOT00072,Error,2025-08-07 08:24:32.304537,Info,Body smile baby letter write.,True,
E00000177,IOT00015,Boot,2025-07-23 05:53:37.069365,Warning,Would difference peace listen difficult out them either pull.,True,
E00000178,IOT00008,Error,2025-07-17 21:25:48.987945,Error,Sit upon whole do security federal.,,
E00000179,IOT00064,Error,2025-08-06 10:09:47.861595,Info,Artist model their election evening total protect.,True,
E00000180,IOT00024,Error,2025-07-24 15:11:46.151570,Warning,Dark six many fast party real role technology.,,Nicole Bryant
E00000181,IOT00088,Connection Lost,2025-07-18 19:17:55.889201,Warning,Do although marriage continue couple bad.,True,
E00000182,IOT00040,Battery Low,2025-07-12 18:57:31.653814,Info,Author office sister across above.,,
E00000183,IOT00066,Shutdown,2025-07-11 13:02:40.263764,Warning,Discover loss listen nation piece life present move share art.,False,Jenna Solis
E00000184,IOT00071,Boot,2025-07-17 02:27:49.030824,Info,Production nor news subject administration night defense data behind.,True,
E00000185,IOT00009,Maintenance,2025-07-22 11:14:05.199068,Warning,Check look ground source campaign effect according establish source over.,,Erin Jenkins
E00000186,IOT00096,Error,2025-07-28 04:11:49.576259,Info,Old choice lot second Congress wear voice.,True,
E00000187,IOT00082,Connection Lost,2025-08-03 11:19:17.661816,Warning,Type official themselves study couple central response morning.,False,Dr. Christopher Valdez
E00000188,IOT00077,Error,2025-07-11 09:29:28.419477,Critical,Culture lawyer kitchen customer red same remember trade minute.,True,
E00000189,IOT00021,Battery Low,2025-08-02 01:00:33.924026,Warning,Another officer into concern detail street among relate place.,True,Pam Cooper
E00000190,IOT00098,Boot,2025-08-06 18:50:03.487110,Warning,Industry continue family low teach their some seven matter.,True,Cynthia Reed
E00000191,IOT00063,Shutdown,2025-07-31 21:57:57.303390,Warning,Gun recent enjoy firm true concern.,True,
E00000192,IOT00042,Boot,2025-07-19 12:53:38.302977,Warning,Someone bring ever past attorney various computer yeah.,True,Noah Howell
E00000193,IOT00088,Shutdown,2025-07-21 00:38:47.466257,Warning,Movement for heavy we environmental any summer provide edge level.,True,
E00000194,IOT00021,Maintenance,2025-07-15 12:42:12.804116,Info,For nice population quality national staff goal speak anyone.,True,
E00000195,IOT00052,Shutdown,2025-07-16 20:07:29.561856,Warning,Rate room painting note feeling hundred firm reason both clear.,True,Jamie Powers
E00000196,IOT00059,Maintenance,2025-07-31 04:40:20.281396,Critical,Difficult condition study myself dog six however hand join.,False,
E00000197,IOT00021,Connection Lost,2025-07-09 11:06:42.931091,Warning,Purpose about policy offer get activity first friend about boy.,True,Matthew Gonzalez
E00000198,IOT00081,Boot,2025-07-10 14:37:37.952993,Warning,Course agent how someone federal.,True,
E00000199,IOT00024,Boot,2025-07-24 14:41:39.187801,Warning,Maybe prove kid reflect shoulder test.,True,
E00000200,IOT00060,Error,2025-07-19 05:58:47.211882,Error,Democratic either someone strong mention.,True,
E00000201,IOT00036,Error,2025-07-29 14:14:04.464503,Info,Manage case car behind carry send stuff believe.,,
E00000202,IOT00012,Battery Low,2025-07-09 04:39:26.936307,Info,Serve billion agency take way play size.,,
E00000203,IOT00010,Error,2025-07-16 11:15:20.967155,Info,Economy best future before avoid her time different.,True,Kristine Eaton
E00000204,IOT00054,Boot,2025-08-01 01:19:17.234973,Warning,Food somebody two center garden affect body after.,True,
E00000205,IOT00097,Connection Lost,2025-07-10 02:56:24.074001,Warning,Positive rise notice four fly show apply.,True,Mrs. Rachel Mcconnell
E00000206,IOT00096,Battery Low,2025-07-16 00:40:20.098150,Info,She machine happen trial win teach book.,True,Kimberly Campbell
E00000207,IOT00062,Battery Low,2025-07-14 13:16:37.072121,Error,Although opportunity economic future ask.,,
E00000208,IOT00005,Error,2025-08-02 19:10:20.711668,Info,Too front send country area security candidate factor girl enjoy.,True,
E00000209,IOT00070,Error,2025-07-12 17:12:12.150517,Info,Man result listen general apply grow drug city quite.,True,
E00000210,IOT00015,Boot,2025-07-30 15:33:19.765036,Info,Beat likely article medical security home religious reality mouth.,True,
E00000211,IOT00065,Connection Lost,2025-07-17 08:58:55.002322,Info,Name region friend with government side spend understand.,True,
E00000212,IOT00040,Error,2025-07-24 13:05:27.766407,Info,Price health service billion building effort civil of.,False,
E00000213,IOT00060,Maintenance,2025-08-03 23:27:08.565374,Error,Best involve let father west entire worry few school.,True,Roger Todd
E00000214,IOT00037,Battery Low,2025-07-24 21:51:31.100953,Error,Agreement generation difference attack poor report bill investment thought.,True,
E00000215,IOT00078,Boot,2025-07-26 11:17:55.939475,Warning,West wish through author kid rule each.,True,Justin Giles
E00000216,IOT00058,Connection Lost,2025-07-30 04:38:14.871203,Info,Pick fish store represent body develop nor let after.,,
E00000217,IOT00025,Boot,2025-07-31 13:33:45.010581,Info,Seat week begin last anything create beautiful especially foot add.,,
E00000218,IOT00010,Boot,2025-07-16 07:22:17.495866,Info,Ability ask reveal us expert church.,True,
E00000219,IOT00029,Maintenance,2025-08-04 03:38:43.427367,Warning,Gas speak each reduce wish outside condition.,,Patrick Wallace
E00000220,IOT00017,Shutdown,2025-07-29 13:43:53.173336,Critical,Republican close bed agree church north.,False,Jonathan Wolfe
E00000221,IOT00046,Maintenance,2025-07-27 00:06:55.666730,Info,Quite member cultural girl account approach pass network body defense raise.,,
E00000222,IOT00025,Connection Lost,2025-07-13 15:03:51.353172,Warning,Investment perform responsibility authority director bed.,True,
E00000223,IOT00019,Battery Low,2025-07-28 02:03:02.369902,Info,Collection Congress red factor since cover side onto.,,
E00000224,IOT00021,Boot,2025-08-04 22:41:12.183711,Info,Case thus view simple by far current.,,
E00000225,IOT00035,Shutdown,2025-07-29 12:41:32.275691,Info,Specific range teach policy possible claim south statement just of age.,True,Antonio Patel
E00000226,IOT00007,Boot,2025-07-19 22:32:23.845521,Warning,Crime wear Congress night trial international ability report hair can.,True,
E00000227,IOT00045,Connection Lost,2025-07-28 00:26:52.620974,Warning,Between manager new east most.,True,
E00000228,IOT00058,Maintenance,2025-07-27 07:08:38.031303,Warning,Especially meet pick dark story.,False,
E00000229,IOT00007,Connection Lost,2025-08-05 05:57:46.455950,Error,She need mouth range most at himself positive few such.,True,
E00000230,IOT00044,Error,2025-07-16 18:50:03.602660,Info,Role state range article lead senior do so card million.,True,Mr. John Obrien PhD
E00000231,IOT00009,Battery Low,2025-07-26 17:13:31.352838,Warning,Indeed brother whether past southern pressure be bad.,,Ruth Hill
E00000232,IOT00002,Shutdown,2025-08-05 08:09:22.708624,Warning,Our source guy leader themselves.,,
E00000233,IOT00077,Error,2025-07-31 20:25:54.161922,Warning,Money forward source little cup.,True,Brianna Scott
E00000234,IOT00008,Battery Low,2025-07-31 14:58:37.614913,Error,Summer before study of bar.,True,
E00000235,IOT00012,Connection Lost,2025-07-21 06:22:08.257637,Info,Rock image ground building three rather mission meet.,True,Mr. David Romero
E00000236,IOT00012,Shutdown,2025-07-21 16:36:22.041719,Error,Fly what court general artist her.,,
E00000237,IOT00067,Boot,2025-08-04 18:18:07.989452,Info,Debate control it help suggest wish poor song.,True,Crystal Mills
E00000238,IOT00045,Shutdown,2025-08-05 19:33:22.600163,Warning,Newspaper mother ability late guess particular.,True,
E00000239,IOT00086,Connection Lost,2025-07-21 22:11:06.056816,Info,Because child Congress teach majority other treatment seat.,True,
E00000240,IOT00007,Maintenance,2025-07-12 21:25:25.771387,Info,Improve administration writer up the soon yet pretty.,True,
E00000241,IOT00050,Maintenance,2025-08-07 04:28:40.144691,Warning,Into family truth reality thought reason floor.,True,
E00000242,IOT00075,Boot,2025-07-22 14:50:46.261551,Critical,Fast allow enjoy scientist.,True,
E00000243,IOT00042,Shutdown,2025-07-27 00:05:38.755156,Warning,Relate lose music interview seem rise clear.,False,
E00000244,IOT00001,Connection Lost,2025-07-13 03:36:34.130640,Info,Reach through use speech.,True,
E00000245,IOT00090,Connection Lost,2025-07-28 04:11:05.482812,Info,Very carry car power throw meeting.,,
E00000246,IOT00047,Connection Lost,2025-07-19 13:13:35.161602,Warning,Knowledge great once team when.,True,
E00000247,IOT00050,Shutdown,2025-07-17 19:05:11.444382,Critical,Know oil clearly conference range say physical push.,,
E00000248,IOT00047,Shutdown,2025-07-22 11:03:28.300804,Info,Sea discover industry various ago interest.,,
E00000249,IOT00084,Maintenance,2025-07-14 01:08:30.969601,Info,Choose close any for stay career.,,
E00000250,IOT00085,Shutdown,2025-07-29 15:49:37.894466,Error,World what officer trial whatever.,True,Christopher Mason
E00000251,IOT00063,Boot,2025-07-17 14:14:20.637557,Error,Girl when article year top stay.,True,
E00000252,IOT00033,Connection Lost,2025-07-11 04:32:38.669729,Info,Information new step physical though between something chance.,,
E00000253,IOT00084,Battery Low,2025-07-27 00:33:16.680779,Warning,We bring require the reality business.,True,
E00000254,IOT00023,Shutdown,2025-07-25 14:57:25.474213,Warning,Time compare tend somebody single.,False,
E00000255,IOT00020,Shutdown,2025-07-31 15:05:30.383415,Warning,Game close article she news make join identify apply.,True,Samantha Williams
E00000256,IOT00062,Connection Lost,2025-07-22 22:09:53.831603,Info,Edge she energy effort a card attack some boy.,True,
E00000257,IOT00034,Battery Low,2025-07-15 01:33:44.048682,Info,Establish mission physical establish cultural guy enjoy real value treat.,True,Desiree Taylor
E00000258,IOT00021,Connection Lost,2025-07-14 10:17:24.946038,Info,Then nice change direction director.,True,
E00000259,IOT00002,Boot,2025-08-02 11:33:24.878714,Warning,Everyone woman food performance at coach court.,True,Matthew Riley
E00000260,IOT00070,Boot,2025-07-18 19:56:58.860430,Info,Only attack me service local democratic again large fast.,True,
E00000261,IOT00002,Error,2025-07-24 01:13:55.390228,Info,Perform pretty pressure I.,True,
E00000262,IOT00042,Maintenance,2025-07-16 20:46:09.061466,Error,Together her reflect past across apply writer.,,Zachary Thompson
E00000263,IOT00083,Shutdown,2025-07-29 13:04:52.536952,Warning,Role establish bad wrong project from in.,,
E00000264,IOT00009,Shutdown,2025-07-12 11:14:11.832946,Info,If trial only mouth billion middle throughout trip every away tough.,False,Joseph Hall
E00000265,IOT00028,Shutdown,2025-07-09 17:12:52.827274,Info,Ability certain all game head wait.,True,
E00000266,IOT00053,Connection Lost,2025-08-07 21:49:25.158184,Info,Within practice add risk thought heart environment.,,
E00000267,IOT00075,Maintenance,2025-07-20 08:35:58.203249,Critical,Court these establish group response another whatever.,True,
E00000268,IOT00005,Connection Lost,2025-07-13 18:09:08.662898,Info,According employee from test space war ready religious.,True,
E00000269,IOT00089,Shutdown,2025-07-24 00:31:12.885454,Warning,Themselves actually piece top station stand clear car.,,
E00000270,IOT00008,Maintenance,2025-07-22 21:51:31.166668,Info,Town hit break thought month chair.,,Robin Hester
E00000271,IOT00039,Boot,2025-07-25 06:55:54.940316,Info,Source standard about identify that industry.,,Caitlin Mason
E00000272,IOT00068,Shutdown,2025-07-22 21:47:21.908688,Warning,Couple yes process American standard appear analysis still indicate attack.,False,
E00000273,IOT00081,Battery Low,2025-07-29 11:26:42.561007,Critical,Statement physical myself reveal building.,,
E00000274,IOT00006,Boot,2025-07-31 15:53:36.120553,Info,Student least somebody today method Congress.,True,Elizabeth Newman
E00000275,IOT00082,Error,2025-07-13 23:35:42.725370,Warning,Great capital about score successful account particular.,True,
E00000276,IOT00080,Shutdown,2025-07-31 10:09:05.015842,Warning,Mr rock offer approach describe base media.,True,Brian Flores
E00000277,IOT00071,Battery Low,2025-07-24 09:15:02.970758,Info,Story central tough take your another operation really.,True,
E00000278,IOT00033,Error,2025-07-21 06:51:25.198021,Info,Sister throw deal region center central fish.,True,
E00000279,IOT00046,Battery Low,2025-07-12 21:10:18.385916,Info,Price capital everyone protect maintain until order.,True,Michael Vasquez
E00000280,IOT00022,Connection Lost,2025-07-25 02:04:11.523877,Info,News top firm off rule human.,True,Isaac Mays
E00000281,IOT00045,Connection Lost,2025-07-10 09:57:25.479440,Info,Serve action operation two compare.,True,
E00000282,IOT00095,Shutdown,2025-07-09 11:45:45.431099,Info,Animal president hold federal source occur rise sport remain.,,Lynn Galloway
E00000283,IOT00034,Connection Lost,2025-07-23 04:02:30.622005,Info,Single either dog position authority wall service.,True,
E00000284,IOT00046,Error,2025-08-05 23:11:12.287655,Info,However sell then blood major billion pattern.,True,
E00000285,IOT00079,Boot,2025-07-25 12:51:30.449515,Error,Finally once ten discover close away clearly card.,True,Calvin Hall
E00000286,IOT00050,Maintenance,2025-07-15 23:38:15.219669,Warning,Now yeah eye community military thing relate enjoy better.,True,
E00000287,IOT00092,Battery Low,2025-07-23 22:27:08.086599,Info,He upon century end assume our manage language relate end.,True,
E00000288,IOT00088,Boot,2025-07-21 19:20:34.868096,Warning,Economy check media concern set Mr age bed.,True,
E00000289,IOT00060,Connection Lost,2025-07-26 05:36:25.216621,Error,Beyond personal describe consumer guy three artist anyone.,,
E00000290,IOT00072,Shutdown,2025-07-15 19:32:11.592011,Error,Themselves reflect expect election garden campaign family.,,
E00000291,IOT00047,Connection Lost,2025-07-18 22:20:50.395581,Error,Year certain Congress soon impact term account go whole play.,,
E00000292,IOT00040,Battery Low,2025-07-27 02:03:08.835566,Info,Local laugh son future fight would short beat deep.,True,
E00000293,IOT00061,Maintenance,2025-07-31 23:15:30.151336,Warning,Cup know activity can nice game difference decision catch.,True,
E00000294,IOT00100,Maintenance,2025-07-14 00:58:43.244921,Info,Theory anything prevent blue improve.,True,
E00000295,IOT00078,Shutdown,2025-07-18 03:52:09.376265,Info,Really professor far early majority value raise every painting pressure poor.,True,
E00000296,IOT00060,Battery Low,2025-08-05 03:32:29.359413,Info,Trouble you attorney area service war.,True,Amy Cooper
E00000297,IOT00079,Maintenance,2025-08-03 18:46:30.924535,Warning,Various true offer design itself free meeting bring quickly almost.,True,
E00000298,IOT00059,Shutdown,2025-07-27 14:27:53.916988,Info,Last success film stuff population son here appear.,,
E00000299,IOT00021,Connection Lost,2025-07-21 16:53:14.460812,Error,Protect political usually including mouth yes later.,,
E00000300,IOT00068,Maintenance,2025-07-12 05:52:32.133429,Warning,Exactly keep girl north several condition growth meeting.,True,
E00000301,IOT00047,Connection Lost,2025-07-13 09:31:42.675872,Error,Sometimes between condition fear car same.,True,
E00000302,IOT00006,Error,2025-07-27 17:03:32.221050,Warning,Dinner need student wall night.,,
E00000303,IOT00009,Connection Lost,2025-07-28 13:40:36.233522,Info,Information show hold test expect structure movie film wish.,,
E00000304,IOT00018,Connection Lost,2025-07-15 13:23:55.329451,Warning,Little change project piece and attorney view impact.,,
E00000305,IOT00099,Shutdown,2025-07-12 18:00:09.620092,Info,Value church require else officer common movement support.,True,
E00000306,IOT00089,Boot,2025-07-31 07:48:04.047566,Info,Attorney industry check entire full change technology.,True,
E00000307,IOT00074,Boot,2025-07-31 16:45:50.964083,Info,Long around Congress nor second story finish likely stage.,False,Elizabeth Smith
E00000308,IOT00043,Shutdown,2025-08-06 22:53:50.264266,Info,But occur special pressure way either local performance.,True,
E00000309,IOT00075,Error,2025-08-04 16:04:36.677143,Info,College world in democratic health hold go tonight scene executive.,,Stephen Rivera
E00000310,IOT00044,Boot,2025-08-02 01:08:53.482703,Warning,Later owner listen structure financial task eat mission very special.,True,
E00000311,IOT00060,Error,2025-07-14 01:25:14.606304,Error,Once risk west region knowledge community nor.,False,
E00000312,IOT00028,Error,2025-07-20 09:40:53.608865,Info,Probably be deal age again.,True,
E00000313,IOT00073,Shutdown,2025-08-07 22:09:36.599505,Info,Reduce me so letter rest reveal its civil record.,,
E00000314,IOT00079,Maintenance,2025-08-07 12:58:40.150201,Info,Small least maintain material course.,True,
E00000315,IOT00087,Connection Lost,2025-08-03 17:37:17.137411,Info,Cost near term key big when inside.,False,
E00000316,IOT00012,Connection Lost,2025-07-31 02:18:58.323381,Error,Reflect nice in plan health garden moment area others hour.,True,
E00000317,IOT00075,Maintenance,2025-07-09 02:30:04.908110,Info,Now body through no mention part read this big door.,True,Robin Dillon
E00000318,IOT00052,Error,2025-07-27 11:52:05.175101,Warning,Politics media hard movie hold trouble.,,
E00000319,IOT00062,Connection Lost,2025-08-04 14:18:11.674525,Warning,Thank travel there why newspaper film pattern senior south foreign.,,
E00000320,IOT00065,Battery Low,2025-08-02 09:10:58.846566,Warning,Forget agreement much that he resource father.,False,
E00000321,IOT00044,Maintenance,2025-07-30 01:55:11.378984,Info,It seat relate allow type same front western.,True,
E00000322,IOT00027,Battery Low,2025-07-31 18:52:20.730247,Warning,Arrive walk management ability father show least tonight draw theory.,False,
E00000323,IOT00033,Connection Lost,2025-07-18 04:32:38.048550,Warning,Mean claim activity computer trouble result give early these.,True,
E00000324,IOT00054,Battery Low,2025-07-31 17:47:25.122281,Info,Language begin lose fly agency wall two range method.,,
E00000325,IOT00027,Connection Lost,2025-07-16 11:19:44.288264,Warning,How throw in blue event talk.,True,
E00000326,IOT00035,Error,2025-07-29 21:24:20.366775,Info,Bring reduce news low measure throw answer.,True,
E00000327,IOT00027,Shutdown,2025-07-10 00:30:39.978018,Warning,Style management ago teacher including responsibility may.,,Rachael Williams
E00000328,IOT00072,Boot,2025-07-11 20:12:42.144283,Critical,Trouble gun whether future even into.,True,Stephanie Pierce
E00000329,IOT00040,Battery Low,2025-07-17 15:11:36.644366,Info,Hold myself night build arrive contain newspaper result or article.,True,Jeffrey Hart
E00000330,IOT00057,Boot,2025-07-10 01:00:13.696157,Info,Move serve eat wall hear.,False,
E00000331,IOT00073,Shutdown,2025-07-25 03:57:43.675318,Info,College house cup former our place nearly skin value.,True,
E00000332,IOT00003,Maintenance,2025-07-29 01:08:53.907824,Info,Return offer political bit garden traditional.,True,Curtis Mendez
E00000333,IOT00034,Boot,2025-07-12 00:13:19.380157,Warning,Late political movie close police.,,Traci Bentley
E00000334,IOT00070,Maintenance,2025-07-26 18:24:38.106819,Warning,Image Mrs standard scientist blue strong voice describe away.,True,
E00000335,IOT00021,Error,2025-07-23 01:56:27.800422,Warning,Age factor forget education.,False,Mary Stephens
E00000336,IOT00035,Maintenance,2025-07-22 09:50:44.990739,Info,Agree agent require game candidate.,True,
E00000337,IOT00011,Shutdown,2025-07-20 06:27:00.766860,Info,Assume remain series myself treat.,,Corey Duran
E00000338,IOT00042,Error,2025-07-11 17:49:11.486758,Warning,President section music believe success open carry surface message.,True,
E00000339,IOT00093,Boot,2025-07-29 05:19:18.754578,Info,Soon sport economy performance boy best single all.,True,
E00000340,IOT00074,Maintenance,2025-08-01 06:31:51.200715,Info,City unit pass movement pattern.,,Kristina Lamb
E00000341,IOT00063,Error,2025-07-24 17:31:17.480397,Warning,Administration major it seem travel.,True,
E00000342,IOT00066,Shutdown,2025-07-15 17:19:11.239198,Error,Building down should letter president yourself major main.,,Sharon Webb
E00000343,IOT00002,Battery Low,2025-07-21 06:46:39.819631,Warning,Media national street bill affect social finally.,False,John Lloyd
E00000344,IOT00051,Battery Low,2025-07-22 12:55:35.202303,Warning,Assume or but wrong people strong.,True,
E00000345,IOT00072,Connection Lost,2025-07-20 15:01:54.872525,Info,Conference capital better support they deal such rise class animal whom.,,
E00000346,IOT00038,Shutdown,2025-07-22 13:01:27.542473,Warning,Teach score example indicate old.,True,
E00000347,IOT00064,Boot,2025-08-07 18:53:43.943787,Info,One stand history anyone present training window note process.,False,
E00000348,IOT00098,Error,2025-07-25 06:24:08.612855,Warning,Within nearly country market argue treat.,,
E00000349,IOT00020,Shutdown,2025-07-29 00:23:28.170259,Info,Imagine summer community sister down decide deep manage financial share.,,
E00000350,IOT00053,Error,2025-07-31 18:32:26.382597,Info,Surface beyond reason live want social.,True,
E00000351,IOT00093,Maintenance,2025-07-26 19:33:39.399504,Info,Thing threat court whether teacher not huge service home song similar.,True,
E00000352,IOT00074,Shutdown,2025-08-07 15:04:01.180566,Warning,Measure enter bank particular religious.,True,
E00000353,IOT00090,Maintenance,2025-07-30 15:40:54.315082,Info,Toward not student ball somebody.,True,
E00000354,IOT00039,Connection Lost,2025-07-30 04:55:54.245206,Info,Tree area nor word peace.,True,Travis Duffy
E00000355,IOT00078,Error,2025-07-25 06:58:53.617824,Error,Peace style away time couple film traditional office Congress.,True,Brian Watkins
E00000356,IOT00023,Battery Low,2025-08-03 08:12:44.356539,Critical,Reality sense democratic item feeling remain.,True,Corey Dickson
E00000357,IOT00087,Connection Lost,2025-08-01 23:25:04.411335,Warning,Feel surface college second seek create matter cut seem turn.,True,
E00000358,IOT00040,Shutdown,2025-08-02 12:57:14.238620,Warning,Throughout out wall single education.,True,
E00000359,IOT00056,Error,2025-07-16 15:15:09.645097,Error,Quality ready surface hear mouth truth side yard blood agree.,,
E00000360,IOT00095,Boot,2025-07-19 02:12:24.224958,Info,Break young than old time a call.,False,
E00000361,IOT00037,Battery Low,2025-07-28 18:11:13.529653,Warning,Republican more phone there become language break money.,True,
E00000362,IOT00060,Error,2025-07-18 18:26:42.246397,Warning,Sit structure available authority hold.,,
E00000363,IOT00058,Boot,2025-07-19 13:15:57.454779,Warning,Participant reach prove policy focus body personal draw design only.,,Elaine Smith
E00000364,IOT00073,Boot,2025-07-10 11:45:58.180987,Info,Current music or analysis research.,True,Michael Webb
E00000365,IOT00050,Connection Lost,2025-07-12 14:00:24.142920,Info,Bit last chance from despite factor.,True,
E00000366,IOT00071,Error,2025-08-05 05:58:48.995839,Error,Spend a over alone sometimes value throughout spend.,True,
E00000367,IOT00020,Boot,2025-07-09 18:13:38.819264,Warning,Camera according anyone guess hotel she industry eight.,,Kevin Miller
E00000368,IOT00007,Shutdown,2025-07-27 18:47:31.459539,Warning,Nor our style quite contain idea imagine gun program international accept.,True,
E00000369,IOT00025,Maintenance,2025-07-21 11:13:05.643923,Warning,Deep quite heart everybody state.,False,
E00000370,IOT00004,Battery Low,2025-07-18 08:40:01.614713,Info,Tough television case general drive suffer among security.,True,
E00000371,IOT00082,Error,2025-07-22 02:17:30.457413,Warning,Out doctor hair these design imagine treat expert.,True,
E00000372,IOT00001,Connection Lost,2025-07-20 10:38:56.925302,Warning,Game happen particular yourself relationship land customer can.,True,
E00000373,IOT00079,Connection Lost,2025-07-10 23:26:22.298205,Warning,Show Mr charge leave degree reason.,True,
E00000374,IOT00008,Connection Lost,2025-07-24 06:22:55.845644,Warning,Soldier southern establish better evidence whole result.,True,Tanya Barrett
E00000375,IOT00080,Battery Low,2025-08-06 04:47:04.709016,Info,Foreign daughter race wall.,,Gary Russo
E00000376,IOT00008,Shutdown,2025-07-28 19:39:57.245172,Warning,Design skill guy despite create ball site protect.,True,
E00000377,IOT00022,Boot,2025-07-10 00:45:10.092699,Info,Simple mother institution meeting according major.,False,
E00000378,IOT00088,Maintenance,2025-07-27 18:01:54.457624,Info,Responsibility this situation space military.,False,
E00000379,IOT00012,Connection Lost,2025-08-01 15:19:39.835744,Info,Million for degree international concern win.,,
E00000380,IOT00005,Shutdown,2025-07-28 12:11:13.828419,Info,Religious without together garden increase get.,True,Alexander Anderson
E00000381,IOT00050,Battery Low,2025-07-18 03:01:23.538111,Warning,Cut or foreign single management hot.,,Allison Robinson
E00000382,IOT00014,Maintenance,2025-07-28 19:31:24.743021,Info,Character common factor option a.,False,
E00000383,IOT00004,Maintenance,2025-07-23 08:33:50.955436,Warning,Instead myself protect shake pick.,True,
E00000384,IOT00018,Boot,2025-07-27 12:01:25.716277,Info,Range purpose by commercial onto wear down until economy.,False,Scott Martin
E00000385,IOT00097,Connection Lost,2025-08-04 23:02:59.462597,Info,Buy experience maybe wind information experience respond.,,Christopher Castillo
E00000386,IOT00076,Connection Lost,2025-07-18 22:56:07.244296,Info,Hotel off policy somebody.,True,
E00000387,IOT00093,Error,2025-07-16 00:22:24.832829,Warning,Have participant history eye decide.,True,Kaitlyn Lewis
E00000388,IOT00067,Shutdown,2025-08-04 22:44:46.368720,Warning,Crime approach television that sell minute throw hit.,False,
E00000389,IOT00002,Boot,2025-07-16 03:45:46.634229,Info,Less movie entire campaign per shake require dark police.,,Derek Alvarez
E00000390,IOT00024,Boot,2025-08-03 13:52:58.866702,Info,Huge again clearly have want image item decide.,,
E00000391,IOT00031,Error,2025-07-11 01:00:27.767537,Info,Admit owner its wait institution anyone concern book include.,False,
E00000392,IOT00037,Shutdown,2025-07-30 17:46:14.594640,Info,Member key hope according him know collection.,True,
E00000393,IOT00028,Boot,2025-07-15 21:08:13.886508,Warning,Avoid effect and reflect natural fund.,True,
E00000394,IOT00091,Boot,2025-07-12 07:46:06.096990,Warning,Something task in course black nice wall prevent.,,Elizabeth Chavez
E00000395,IOT00091,Battery Low,2025-07-09 17:57:46.720998,Warning,Republican us later responsibility already student close because throughout station.,True,Laura Horton
E00000396,IOT00014,Error,2025-07-27 20:34:43.545320,Warning,Morning area level feel better consider product.,,Tyler Sherman
E00000397,IOT00052,Connection Lost,2025-07-11 23:53:40.489141,Warning,Cold raise medical mission director ok might without.,True,Jacqueline Mendez
E00000398,IOT00055,Error,2025-08-02 01:07:12.980907,Info,Total beat question statement decision church better by nation.,True,Jennifer Riddle
E00000399,IOT00041,Maintenance,2025-07-27 10:11:55.839416,Info,Address film reflect citizen during.,,
E00000400,IOT00034,Connection Lost,2025-07-11 09:03:47.441611,Critical,Appear out personal hospital author lawyer.,True,
E00000401,IOT00039,Maintenance,2025-07-23 14:45:08.840282,Warning,Test glass top low step.,True,
E00000402,IOT00068,Connection Lost,2025-07-28 09:10:21.893483,Info,Whom edge nearly party affect identify tough others brother.,True,
E00000403,IOT00074,Boot,2025-07-14 15:03:38.747094,Info,Too hit five hit want market how choose mention financial outside.,True,
E00000404,IOT00094,Maintenance,2025-07-20 13:51:58.656430,Info,Read time style image school alone international left.,True,
E00000405,IOT00046,Battery Low,2025-07-26 03:04:59.336949,Info,Education four put area nation.,True,
E00000406,IOT00076,Connection Lost,2025-07-22 17:47:39.617853,Info,Will soldier garden light break thousand current kind baby.,True,
E00000407,IOT00041,Battery Low,2025-07-19 02:11:52.138938,Warning,Ago feeling important buy ago college direction owner.,False,Debbie Vargas
E00000408,IOT00003,Maintenance,2025-07-28 14:06:23.888030,Warning,Military soldier class us watch four address top behind any.,True,
E00000409,IOT00042,Boot,2025-07-14 06:46:20.498671,Info,Country treatment life stage human.,True,
E00000410,IOT00059,Error,2025-08-02 22:38:59.095178,Info,Effect senior candidate hand thank three investment appear glass.,True,
E00000411,IOT00009,Shutdown,2025-08-03 02:59:57.587333,Warning,Population above performance however hope practice nearly matter.,True,
E00000412,IOT00044,Shutdown,2025-07-26 22:06:39.203094,Info,Space notice TV letter direction.,False,Philip Johnson
E00000413,IOT00029,Shutdown,2025-07-25 13:45:04.027534,Info,Stay get director my according firm.,True,Emily Rodgers
E00000414,IOT00066,Error,2025-07-26 00:59:24.328907,Info,Politics possible art fish safe remain white physical offer give.,,Douglas Walker
E00000415,IOT00079,Error,2025-07-18 16:49:24.829989,Warning,Green laugh enjoy million small.,False,
E00000416,IOT00093,Maintenance,2025-08-06 03:07:10.871484,Info,Offer understand help source this discover development pressure.,True,Karen Jensen
E00000417,IOT00053,Error,2025-07-13 12:40:35.330052,Info,Different actually eat girl actually try.,True,
E00000418,IOT00073,Error,2025-07-31 16:05:49.112918,Error,Place behavior join sure hour.,True,Catherine Johnson
E00000419,IOT00019,Boot,2025-07-24 06:41:50.703161,Warning,Let local officer mean growth social well board.,True,
E00000420,IOT00048,Connection Lost,2025-07-19 00:51:35.767825,Info,Again against take pick economy.,True,
E00000421,IOT00028,Connection Lost,2025-08-01 03:22:37.732625,Warning,Perhaps research sea goal seek several nation yet.,,Michael Black
E00000422,IOT00064,Maintenance,2025-07-16 04:32:29.096384,Warning,Financial behind work quite.,,Jennifer Farrell
E00000423,IOT00052,Connection Lost,2025-08-02 19:48:11.051192,Info,Set land kid information vote majority drive.,True,
E00000424,IOT00048,Shutdown,2025-07-22 03:19:51.146485,Info,Process against threat maybe summer.,True,Luis Phillips
E00000425,IOT00019,Error,2025-07-09 01:06:05.864363,Info,Push pretty to air each result special above beat child.,True,
E00000426,IOT00060,Shutdown,2025-07-14 18:45:00.638769,Info,Mention only consider rate good clearly have understand property treatment.,False,
E00000427,IOT00040,Connection Lost,2025-07-09 16:18:32.318263,Info,Community student recent large through.,False,
E00000428,IOT00046,Shutdown,2025-08-04 08:38:06.963064,Warning,Have much push former that goal oil two lay community employee.,True,
E00000429,IOT00100,Boot,2025-08-02 23:27:45.886049,Info,Suffer risk evening street.,True,
E00000430,IOT00058,Shutdown,2025-07-17 02:37:21.422702,Info,Resource trade none at describe.,True,
E00000431,IOT00042,Error,2025-07-30 11:12:26.961160,Warning,Town main subject strong available clear store hospital member must.,,
E00000432,IOT00009,Maintenance,2025-07-31 01:26:54.517681,Critical,Yard rise grow help street.,,
E00000433,IOT00092,Battery Low,2025-08-05 10:01:54.405433,Error,Light word author common people.,True,
E00000434,IOT00096,Boot,2025-07-17 15:03:58.599759,Info,Bit president resource should thought.,True,
E00000435,IOT00011,Error,2025-07-29 03:24:34.414675,Info,Sign thing sense do per.,True,
E00000436,IOT00020,Error,2025-07-23 13:33:14.525792,Error,Green likely economy total start.,,
E00000437,IOT00003,Error,2025-07-23 06:37:08.305066,Warning,Option husband baby sea price short another.,True,
E00000438,IOT00001,Shutdown,2025-07-10 21:57:11.966046,Warning,Never mean seem individual idea which right.,False,
E00000439,IOT00097,Maintenance,2025-07-25 11:53:58.261940,Warning,We house free human spring.,True,
E00000440,IOT00061,Battery Low,2025-07-28 03:27:06.906897,Warning,Administration later family pretty compare true once trip information Republican.,True,Morgan Zamora
E00000441,IOT00097,Maintenance,2025-07-15 03:18:58.504998,Warning,Side claim group usually day talk air party.,True,Heather Burgess
E00000442,IOT00078,Error,2025-07-20 02:14:54.178641,Warning,During bed room country memory front evening.,True,
E00000443,IOT00088,Error,2025-07-16 04:52:05.988157,Info,Heart factor beautiful attack need.,True,
E00000444,IOT00064,Boot,2025-07-15 18:40:46.751588,Warning,Blood science painting method all support growth.,True,William Myers
E00000445,IOT00100,Boot,2025-07-16 08:25:24.930169,Info,Respond across girl foot relationship coach term list bank.,True,
E00000446,IOT00005,Maintenance,2025-07-12 09:31:37.211308,Error,When left sing its test production spring participant.,,
E00000447,IOT00072,Boot,2025-07-17 06:27:43.884098,Info,Human program always lead finally region billion.,,Amy Carrillo
E00000448,IOT00015,Maintenance,2025-07-19 14:03:49.373315,Info,Tax party right military share thing lose language.,,Andrew Hobbs
E00000449,IOT00017,Battery Low,2025-08-01 19:27:31.653528,Info,Prove painting perhaps start standard everybody.,True,
E00000450,IOT00086,Battery Low,2025-07-30 07:51:56.797224,Info,Could own when teacher discussion sea yard section.,False,Miranda Jimenez
E00000451,IOT00090,Boot,2025-07-17 12:41:48.433369,Warning,Election production of able eat Democrat produce develop heavy itself.,False,
E00000452,IOT00083,Boot,2025-07-14 11:24:17.867383,Warning,Foot author theory sound style fact ground run trade.,,Jerry Davila
E00000453,IOT00055,Connection Lost,2025-07-09 18:29:29.690483,Error,Husband pretty idea member individual administration great senior yes.,,
E00000454,IOT00098,Error,2025-08-04 07:20:54.826470,Info,Run economy effect attention skill usually inside strong.,True,
E00000455,IOT00077,Maintenance,2025-07-24 05:08:48.888633,Warning,Where put turn him almost apply stand here action.,False,
E00000456,IOT00029,Battery Low,2025-07-21 13:12:13.387775,Info,Tell fly another yourself black.,True,
E00000457,IOT00030,Battery Low,2025-07-16 15:12:38.336697,Info,Administration within exactly born never among attention present.,False,Janice Adams
E00000458,IOT00076,Shutdown,2025-07-22 01:07:15.251389,Info,Black light executive thus pressure big light make clear.,,
E00000459,IOT00018,Maintenance,2025-08-06 03:54:22.165723,Info,Yourself name vote this special anything different.,True,
E00000460,IOT00090,Battery Low,2025-07-13 07:39:27.178349,Warning,Billion cut institution arm final special many church outside.,,
E00000461,IOT00045,Battery Low,2025-07-18 15:02:50.235297,Error,Worry relate game what soldier.,False,Shannon Allen
E00000462,IOT00001,Maintenance,2025-08-02 14:20:06.660411,Info,Choose guy hand PM watch white tend full three while.,True,Kyle Spencer
E00000463,IOT00040,Boot,2025-07-16 02:44:20.623085,Info,Beat although cup section full sign.,True,Chloe Bennett
E00000464,IOT00081,Connection Lost,2025-07-09 15:57:04.114053,Info,Old market paper state method affect growth.,,
E00000465,IOT00063,Connection Lost,2025-07-18 15:17:59.089051,Info,Source support occur power subject low finally.,False,
E00000466,IOT00096,Boot,2025-08-06 15:16:35.005399,Error,Stock evening record whatever people month.,True,
E00000467,IOT00047,Connection Lost,2025-07-09 00:58:04.929132,Info,Lay like prove set increase reflect.,False,
E00000468,IOT00024,Boot,2025-07-19 10:52:58.160323,Info,Various affect which me strategy scientist suffer eight indicate season.,True,
E00000469,IOT00013,Boot,2025-07-21 14:51:33.525981,Warning,Blood add force page himself law.,,
E00000470,IOT00057,Connection Lost,2025-07-09 20:44:16.438057,Info,Official dark enjoy sell science investment data your all.,True,
E00000471,IOT00030,Boot,2025-07-22 06:46:08.774009,Error,These ball leave bar woman produce continue within fact.,True,
E00000472,IOT00067,Boot,2025-07-30 19:42:08.819815,Info,Safe thought bad beautiful view same put civil huge power.,True,Erika Ayala
E00000473,IOT00041,Shutdown,2025-07-24 22:12:27.743267,Info,Spend record I service truth community down war.,False,Jacqueline Nielsen
E00000474,IOT00086,Connection Lost,2025-07-16 11:09:33.448231,Info,Hand Congress each break in indeed thought ask Mr professional.,True,
E00000475,IOT00030,Shutdown,2025-07-09 15:40:36.841997,Warning,Pressure hotel difference lawyer result old impact thought dark.,False,
E00000476,IOT00056,Connection Lost,2025-07-09 01:25:51.694098,Info,Task political arrive gun sell camera.,,
E00000477,IOT00003,Maintenance,2025-07-20 11:48:56.279296,Error,Threat second similar until case assume all kitchen.,,Jason York
E00000478,IOT00031,Maintenance,2025-07-10 10:22:45.136237,Critical,Likely cost bag six personal morning but choose.,True,
E00000479,IOT00014,Shutdown,2025-07-22 01:03:38.274420,Warning,Body parent real be bed recent make rest quality attorney.,,
E00000480,IOT00051,Boot,2025-07-11 15:36:36.705665,Info,Local PM model hope special their seek summer.,,
E00000481,IOT00020,Battery Low,2025-07-21 10:29:04.659430,Info,Human investment film member feel case.,True,Ashley Huber
E00000482,IOT00039,Maintenance,2025-07-25 04:31:13.149044,Info,Realize test international everybody left deal ready painting nor suffer.,True,David Patel
E00000483,IOT00011,Shutdown,2025-07-22 01:49:04.022980,Info,Film out customer network too morning poor floor kitchen increase.,True,
E00000484,IOT00004,Connection Lost,2025-07-16 09:41:34.933649,Info,Safe could history country recent people.,True,
E00000485,IOT00017,Boot,2025-08-01 22:51:09.480643,Error,Close security develop past keep.,False,
E00000486,IOT00099,Boot,2025-07-27 13:20:15.791734,Error,Our tree kid drive big television traditional.,False,
E00000487,IOT00058,Connection Lost,2025-07-17 04:20:44.759539,Info,True tonight talk similar lose measure debate kind run both wind.,True,Isaiah Smith Jr.
E00000488,IOT00005,Connection Lost,2025-07-14 07:14:48.528331,Warning,Another simply color speak skin me interest word every area.,False,
E00000489,IOT00076,Connection Lost,2025-07-25 02:17:18.036500,Info,Religious contain argue develop gas pass field you husband particularly.,True,
E00000490,IOT00078,Battery Low,2025-07-30 19:16:53.242580,Info,Pm minute watch act upon.,True,Thomas Chavez
E00000491,IOT00059,Shutdown,2025-07-23 08:14:38.692148,Critical,Receive clear three suddenly state bar administration dark.,True,
E00000492,IOT00039,Connection Lost,2025-08-03 21:27:20.174520,Info,Care cultural mention drop fast clearly although.,,
E00000493,IOT00071,Boot,2025-08-05 12:34:00.647281,Info,Half miss rock health resource weight fund.,,
E00000494,IOT00026,Error,2025-07-26 17:58:15.229707,Warning,Beyond none behind protect these find.,False,
E00000495,IOT00064,Boot,2025-07-26 17:39:55.124657,Error,Six moment test more table kid chance throughout decision tough.,True,
E00000496,IOT00023,Maintenance,2025-07-10 13:56:33.253883,Warning,Here within long gas magazine sure single carry company.,True,
E00000497,IOT00067,Boot,2025-07-22 13:15:27.776518,Warning,Law summer well trouble including more check fund.,True,
E00000498,IOT00011,Maintenance,2025-08-01 21:24:39.725980,Info,Toward admit often expert something responsibility young section.,False,
E00000499,IOT00078,Boot,2025-07-09 15:34:12.937491,Warning,Pretty knowledge during attention age commercial religious level.,True,
E00000500,IOT00042,Battery Low,2025-08-05 05:19:46.978774,Warning,Describe administration speech although executive four off.,True,Kenneth Mccormick
